sector,variable,value
111,111,13003
112,111,5038
113,111,0
114,111,0
115,111,3860
211,111,4
212,111,513
213,111,0
221,111,10645
236,111,12
237,111,9
238,111,8
311,111,225
312,111,12
313,111,59
314,111,176
315,111,10
316,111,2
321,111,523
322,111,272
323,111,4
324,111,7965
325,111,28423
326,111,2554
327,111,833
331,111,85
332,111,353
333,111,1175
334,111,77
335,111,62
336,111,771
337,111,34
339,111,133
431,111,11784
461,111,11441
481,111,31
482,111,259
483,111,70
484,111,5220
485,111,15
486,111,1
487,111,0
488,111,1
491,111,0
492,111,0
493,111,0
511,111,1
512,111,0
515,111,0
517,111,6
518,111,0
519,111,0
521,111,0
522,111,1693
523,111,0
524,111,1025
531,111,0
532,111,4
533,111,0
541,111,162
551,111,1
561,111,0
562,111,0
611,111,0
621,111,0
622,111,0
623,111,0
624,111,0
711,111,0
712,111,0
713,111,0
721,111,0
722,111,0
811,111,639
812,111,0
813,111,0
814,111,0
931,111,0
111,112,56384
112,112,11514
113,112,0
114,112,0
115,112,730
211,112,8
212,112,200
213,112,0
221,112,5365
236,112,18
237,112,13
238,112,21
311,112,105048
312,112,59
313,112,10
314,112,3
315,112,23
316,112,2
321,112,11
322,112,55
323,112,5
324,112,3773
325,112,2766
326,112,46
327,112,203
331,112,268
332,112,2505
333,112,226
334,112,69
335,112,27
336,112,500
337,112,7
339,112,37
431,112,21046
461,112,20880
481,112,43
482,112,360
483,112,98
484,112,7255
485,112,21
486,112,2
487,112,0
488,112,106
491,112,0
492,112,0
493,112,1
511,112,2
512,112,1
515,112,0
517,112,31
518,112,0
519,112,0
521,112,0
522,112,438
523,112,0
524,112,6
531,112,81
532,112,7
533,112,0
541,112,421
551,112,0
561,112,176
562,112,0
611,112,1
621,112,0
622,112,0
623,112,0
624,112,0
711,112,0
712,112,0
713,112,0
721,112,3
722,112,3
811,112,364
812,112,0
813,112,15
814,112,0
931,112,0
111,113,177
112,113,0
113,113,1263
114,113,0
115,113,77
211,113,0
212,113,16
213,113,0
221,113,104
236,113,2
237,113,3
238,113,1284
311,113,7
312,113,4
313,113,1
314,113,4
315,113,3
316,113,0
321,113,1
322,113,37
323,113,1
324,113,226
325,113,302
326,113,41
327,113,4
331,113,98
332,113,12
333,113,7
334,113,9
335,113,8
336,113,22
337,113,1
339,113,6
431,113,311
461,113,309
481,113,1
482,113,6
483,113,2
484,113,121
485,113,0
486,113,0
487,113,0
488,113,0
491,113,0
492,113,0
493,113,0
511,113,0
512,113,0
515,113,0
517,113,122
518,113,0
519,113,0
521,113,0
522,113,1
523,113,0
524,113,0
531,113,0
532,113,22
533,113,0
541,113,262
551,113,0
561,113,0
562,113,0
611,113,0
621,113,0
622,113,0
623,113,0
624,113,0
711,113,0
712,113,0
713,113,0
721,113,0
722,113,25
811,113,24
812,113,0
813,113,11
814,113,0
931,113,0
111,114,12
112,114,0
113,114,0
114,114,16
115,114,19
211,114,0
212,114,14
213,114,0
221,114,95
236,114,6
237,114,6
238,114,1
311,114,2889
312,114,33
313,114,0
314,114,0
315,114,4
316,114,4
321,114,23
322,114,19
323,114,1
324,114,1804
325,114,401
326,114,27
327,114,171
331,114,25
332,114,66
333,114,5
334,114,3
335,114,2
336,114,8
337,114,2
339,114,6
431,114,570
461,114,565
481,114,2
482,114,12
483,114,3
484,114,235
485,114,1
486,114,0
487,114,0
488,114,2710
491,114,0
492,114,0
493,114,6
511,114,0
512,114,0
515,114,0
517,114,83
518,114,0
519,114,0
521,114,0
522,114,16
523,114,0
524,114,8
531,114,24
532,114,33
533,114,0
541,114,179
551,114,0
561,114,475
562,114,0
611,114,2
621,114,0
622,114,0
623,114,0
624,114,0
711,114,0
712,114,0
713,114,0
721,114,36
722,114,30
811,114,114
812,114,0
813,114,15
814,114,0
931,114,0
111,115,314
112,115,0
113,115,0
114,115,0
115,115,0
211,115,0
212,115,2
213,115,0
221,115,165
236,115,1
237,115,1
238,115,12
311,115,3
312,115,1
313,115,1
314,115,6
315,115,1
316,115,0
321,115,6
322,115,4
323,115,47
324,115,125
325,115,771
326,115,13
327,115,37
331,115,9
332,115,112
333,115,20
334,115,88
335,115,9
336,115,43
337,115,1
339,115,124
431,115,225
461,115,219
481,115,1
482,115,5
483,115,1
484,115,97
485,115,0
486,115,0
487,115,0
488,115,1
491,115,0
492,115,0
493,115,9
511,115,0
512,115,0
515,115,0
517,115,41
518,115,0
519,115,0
521,115,0
522,115,14
523,115,0
524,115,5
531,115,47
532,115,5
533,115,1
541,115,348
551,115,0
561,115,399
562,115,0
611,115,8
621,115,0
622,115,0
623,115,0
624,115,0
711,115,0
712,115,0
713,115,0
721,115,7
722,115,6
811,115,31
812,115,0
813,115,4
814,115,0
931,115,0
111,211,0
112,211,0
113,211,0
114,211,2
115,211,0
211,211,4
212,211,745
213,211,3104
221,211,3225
236,211,442
237,211,575
238,211,166
311,211,95
312,211,34
313,211,13
314,211,4
315,211,614
316,211,30
321,211,213
322,211,56
323,211,80
324,211,5532
325,211,35665
326,211,63
327,211,642
331,211,21135
332,211,2439
333,211,1872
334,211,430
335,211,331
336,211,970
337,211,16
339,211,250
431,211,9281
461,211,9321
481,211,5452
482,211,307
483,211,5696
484,211,6019
485,211,420
486,211,1
487,211,0
488,211,4
491,211,0
492,211,393
493,211,0
511,211,1
512,211,0
515,211,3
517,211,6309
518,211,1
519,211,0
521,211,0
522,211,477
523,211,0
524,211,3623
531,211,297
532,211,2757
533,211,101
541,211,8808
551,211,18110
561,211,2756
562,211,0
611,211,46
621,211,0
622,211,0
623,211,0
624,211,0
711,211,0
712,211,0
713,211,0
721,211,3545
722,211,904
811,211,24955
812,211,0
813,211,0
814,211,0
931,211,0
111,212,0
112,212,0
113,212,1
114,212,0
115,212,0
211,212,2
212,212,4136
213,212,300
221,212,13707
236,212,261
237,212,270
238,212,4899
311,212,127
312,212,22
313,212,6
314,212,2
315,212,183
316,212,19
321,212,16707
322,212,26
323,212,31
324,212,31732
325,212,2237
326,212,69
327,212,18
331,212,312
332,212,60
333,212,306
334,212,486
335,212,102
336,212,142
337,212,6
339,212,206
431,212,4524
461,212,4527
481,212,47
482,212,73
483,212,20
484,212,1447
485,212,48
486,212,0
487,212,0
488,212,3
491,212,0
492,212,31
493,212,56
511,212,0
512,212,0
515,212,2
517,212,458
518,212,0
519,212,0
521,212,0
522,212,313
523,212,11
524,212,130
531,212,426
532,212,434
533,212,70
541,212,6195
551,212,68
561,212,16568
562,212,13
611,212,16
621,212,2
622,212,0
623,212,0
624,212,0
711,212,0
712,212,0
713,212,9
721,212,61
722,212,46
811,212,3612
812,212,5
813,212,1
814,212,0
931,212,0
111,213,0
112,213,0
113,213,0
114,213,3
115,213,0
211,213,1
212,213,331
213,213,44
221,213,6089
236,213,390
237,213,596
238,213,1172
311,213,76
312,213,18
313,213,5
314,213,1
315,213,27
316,213,9
321,213,374
322,213,13
323,213,36
324,213,10169
325,213,1696
326,213,209
327,213,1951
331,213,305
332,213,1093
333,213,2362
334,213,747
335,213,683
336,213,3597
337,213,35
339,213,131
431,213,2143
461,213,2136
481,213,1287
482,213,65
483,213,306
484,213,1043
485,213,1185
486,213,0
487,213,0
488,213,298
491,213,0
492,213,219
493,213,597
511,213,0
512,213,0
515,213,1
517,213,709
518,213,0
519,213,0
521,213,0
522,213,3001
523,213,225
524,213,2974
531,213,2152
532,213,3964
533,213,20
541,213,3970
551,213,1913
561,213,4232
562,213,0
611,213,1
621,213,0
622,213,0
623,213,0
624,213,0
711,213,0
712,213,0
713,213,0
721,213,778
722,213,9
811,213,501
812,213,0
813,213,0
814,213,0
931,213,0
111,221,0
112,221,0
113,221,0
114,221,0
115,221,0
211,221,3
212,221,10931
213,221,0
221,221,11714
236,221,450
237,221,444
238,221,58
311,221,129
312,221,27
313,221,5
314,221,2
315,221,71
316,221,13
321,221,32
322,221,57
323,221,22
324,221,52476
325,221,2660
326,221,83
327,221,56
331,221,5744
332,221,15282
333,221,927
334,221,2676
335,221,855
336,221,1519
337,221,53
339,221,407
431,221,8419
461,221,8425
481,221,36
482,221,149
483,221,40
484,221,2989
485,221,24
486,221,1
487,221,0
488,221,9
491,221,0
492,221,75
493,221,1
511,221,1
512,221,0
515,221,1
517,221,458
518,221,0
519,221,0
521,221,0
522,221,488
523,221,177
524,221,561
531,221,1667
532,221,359
533,221,22
541,221,9964
551,221,0
561,221,5981
562,221,0
611,221,5
621,221,0
622,221,0
623,221,0
624,221,0
711,221,0
712,221,0
713,221,0
721,221,21
722,221,216
811,221,6113
812,221,0
813,221,0
814,221,0
931,221,0
111,236,35
112,236,619
113,236,0
114,236,6
115,236,0
211,236,35
212,236,26091
213,236,7
221,236,2370
236,236,15577
237,236,2351
238,236,183442
311,236,370
312,236,93
313,236,62
314,236,79
315,236,1504
316,236,84
321,236,17327
322,236,153
323,236,196
324,236,13855
325,236,10415
326,236,19404
327,236,134734
331,236,96182
332,236,36671
333,236,10483
334,236,4048
335,236,7731
336,236,13638
337,236,3909
339,236,3999
431,236,91870
461,236,91127
481,236,409
482,236,1137
483,236,303
484,236,22445
485,236,243
486,236,8
487,236,0
488,236,23
491,236,0
492,236,93
493,236,51
511,236,7
512,236,3
515,236,0
517,236,2963
518,236,2
519,236,0
521,236,0
522,236,2904
523,236,49
524,236,378
531,236,818
532,236,6696
533,236,0
541,236,23472
551,236,0
561,236,6543
562,236,1319
611,236,24
621,236,2
622,236,0
623,236,0
624,236,0
711,236,0
712,236,0
713,236,2
721,236,497
722,236,128
811,236,4025
812,236,2
813,236,0
814,236,0
931,236,0
111,237,1357
112,237,0
113,237,0
114,237,2
115,237,0
211,237,5
212,237,14409
213,237,3
221,237,3569
236,237,1144
237,237,33676
238,237,69075
311,237,152
312,237,60
313,237,25
314,237,18
315,237,2443
316,237,255
321,237,1712
322,237,87
323,237,473
324,237,19117
325,237,4420
326,237,3907
327,237,31366
331,237,15802
332,237,21100
333,237,1801
334,237,4094
335,237,2369
336,237,8327
337,237,259
339,237,6553
431,237,12557
461,237,12441
481,237,364
482,237,311
483,237,82
484,237,6106
485,237,216
486,237,1
487,237,0
488,237,187
491,237,15
492,237,131
493,237,31
511,237,32
512,237,12
515,237,0
517,237,1201
518,237,22
519,237,0
521,237,0
522,237,2457
523,237,46
524,237,469
531,237,975
532,237,3072
533,237,4
541,237,13179
551,237,114
561,237,6977
562,237,2194
611,237,41
621,237,0
622,237,0
623,237,0
624,237,0
711,237,0
712,237,0
713,237,0
721,237,419
722,237,249
811,237,2070
812,237,9
813,237,15
814,237,0
931,237,0
111,238,8
112,238,0
113,238,0
114,238,3
115,238,0
211,238,3
212,238,4949
213,238,3
221,238,1576
236,238,575
237,238,721
238,238,1353
311,238,67
312,238,21
313,238,8
314,238,22
315,238,5070
316,238,19
321,238,385
322,238,40
323,238,367
324,238,2552
325,238,6640
326,238,683
327,238,10989
331,238,597
332,238,6949
333,238,963
334,238,5370
335,238,4841
336,238,2097
337,238,73
339,238,2865
431,238,6873
461,238,6855
481,238,95
482,238,118
483,238,30
484,238,2199
485,238,83
486,238,1
487,238,0
488,238,7
491,238,0
492,238,7
493,238,47
511,238,1
512,238,0
515,238,0
517,238,733
518,238,0
519,238,0
521,238,0
522,238,172
523,238,0
524,238,73
531,238,1983
532,238,3186
533,238,2
541,238,5903
551,238,20
561,238,1223
562,238,5
611,238,5
621,238,0
622,238,0
623,238,0
624,238,0
711,238,0
712,238,0
713,238,0
721,238,136
722,238,46
811,238,1552
812,238,0
813,238,9
814,238,0
931,238,0
111,311,176378
112,311,347546
113,311,757
114,311,4861
115,311,4105
211,311,34
212,311,758
213,311,0
221,311,24626
236,311,119
237,311,81
238,311,921
311,311,241608
312,311,1308
313,311,66
314,311,749
315,311,626
316,311,98
321,311,462
322,311,7191
323,311,541
324,311,16475
325,311,27619
326,311,15640
327,311,9849
331,311,900
332,311,3899
333,311,1119
334,311,630
335,311,657
336,311,2323
337,311,103
339,311,1097
431,311,88864
461,311,88577
481,311,289
482,311,1488
483,311,405
484,311,29969
485,311,219
486,311,7
487,311,0
488,311,809
491,311,0
492,311,165
493,311,3201
511,311,9
512,311,3
515,311,1926
517,311,2395
518,311,10
519,311,170
521,311,0
522,311,3164
523,311,121
524,311,331
531,311,14108
532,311,238
533,311,421
541,311,15996
551,311,158
561,311,31413
562,311,2801
611,311,172
621,311,0
622,311,0
623,311,0
624,311,0
711,311,0
712,311,0
713,311,0
721,311,439
722,311,322
811,311,2759
812,311,719
813,311,0
814,311,0
931,311,0
111,312,25693
112,312,3
113,312,0
114,312,0
115,312,0
211,312,3
212,312,810
213,312,0
221,312,4611
236,312,16
237,312,12
238,312,30
311,312,13973
312,312,1425
313,312,18
314,312,7
315,312,42
316,312,2
321,312,151
322,312,1962
323,312,28
324,312,3360
325,312,33304
326,312,7033
327,312,17807
331,312,432
332,312,9939
333,312,259
334,312,213
335,312,309
336,312,1443
337,312,86
339,312,265
431,312,8983
461,312,9007
481,312,40
482,312,248
483,312,68
484,312,4996
485,312,27
486,312,1
487,312,0
488,312,81
491,312,0
492,312,25
493,312,803
511,312,1
512,312,0
515,312,386
517,312,226
518,312,1
519,312,11
521,312,0
522,312,305
523,312,57
524,312,34
531,312,2033
532,312,17
533,312,21
541,312,1635
551,312,10
561,312,11210
562,312,479
611,312,26
621,312,0
622,312,0
623,312,0
624,312,0
711,312,0
712,312,0
713,312,0
721,312,38
722,312,27
811,312,500
812,312,72
813,312,1
814,312,0
931,312,0
111,313,11071
112,313,590
113,313,0
114,313,0
115,313,527
211,313,1
212,313,1
213,313,0
221,313,6491
236,313,4
237,313,3
238,313,3
311,313,84
312,313,50
313,313,8561
314,313,65
315,313,69
316,313,11
321,313,34
322,313,324
323,313,3
324,313,356
325,313,8598
326,313,475
327,313,45
331,313,68
332,313,44
333,313,20
334,313,23
335,313,31
336,313,80
337,313,33
339,313,131
431,313,2248
461,313,2220
481,313,9
482,313,53
483,313,15
484,313,1075
485,313,20
486,313,0
487,313,0
488,313,4
491,313,0
492,313,3
493,313,160
511,313,4
512,313,0
515,313,0
517,313,36
518,313,0
519,313,0
521,313,0
522,313,208
523,313,0
524,313,19
531,313,823
532,313,6
533,313,7
541,313,154
551,313,0
561,313,2326
562,313,0
611,313,0
621,313,0
622,313,0
623,313,0
624,313,0
711,313,0
712,313,0
713,313,0
721,313,6
722,313,8
811,313,34
812,313,12
813,313,10
814,313,0
931,313,0
111,314,0
112,314,0
113,314,0
114,314,0
115,314,0
211,314,1
212,314,2
213,314,0
221,314,1282
236,314,4
237,314,3
238,314,13
311,314,18
312,314,57
313,314,8069
314,314,2441
315,314,264
316,314,13
321,314,53
322,314,359
323,314,29
324,314,254
325,314,1497
326,314,259
327,314,56
331,314,70
332,314,94
333,314,38
334,314,20
335,314,30
336,314,212
337,314,299
339,314,621
431,314,1797
461,314,1750
481,314,6
482,314,17
483,314,5
484,314,346
485,314,28
486,314,0
487,314,0
488,314,3
491,314,0
492,314,32
493,314,87
511,314,5
512,314,0
515,314,0
517,314,98
518,314,0
519,314,4
521,314,0
522,314,54
523,314,0
524,314,17
531,314,718
532,314,11
533,314,1
541,314,143
551,314,0
561,314,864
562,314,0
611,314,7
621,314,0
622,314,0
623,314,0
624,314,0
711,314,0
712,314,0
713,314,0
721,314,9
722,314,11
811,314,58
812,314,4
813,314,14
814,314,0
931,314,0
111,315,476
112,315,0
113,315,0
114,315,0
115,315,225
211,315,1
212,315,4
213,315,0
221,315,4409
236,315,12
237,315,10
238,315,42
311,315,155
312,315,254
313,315,15651
314,315,343
315,315,12121
316,315,356
321,315,161
322,315,1953
323,315,521
324,315,677
325,315,1672
326,315,1011
327,315,246
331,315,168
332,315,102
333,315,64
334,315,87
335,315,63
336,315,167
337,315,25
339,315,1198
431,315,3846
461,315,3746
481,315,16
482,315,48
483,315,13
484,315,969
485,315,110
486,315,0
487,315,0
488,315,18
491,315,0
492,315,19
493,315,224
511,315,26
512,315,0
515,315,1
517,315,316
518,315,1
519,315,3
521,315,0
522,315,216
523,315,1
524,315,66
531,315,2270
532,315,43
533,315,20
541,315,717
551,315,0
561,315,3800
562,315,0
611,315,3
621,315,0
622,315,0
623,315,0
624,315,0
711,315,0
712,315,0
713,315,0
721,315,27
722,315,39
811,315,64
812,315,23
813,315,61
814,315,0
931,315,0
111,316,0
112,316,0
113,316,117
114,316,0
115,316,0
211,316,1
212,316,2
213,316,0
221,316,1528
236,316,4
237,316,3
238,316,11
311,316,2309
312,316,49
313,316,1320
314,316,45
315,316,28
316,316,18293
321,316,20
322,316,301
323,316,12
324,316,233
325,316,1098
326,316,1371
327,316,46
331,316,29
332,316,107
333,316,29
334,316,46
335,316,33
336,316,333
337,316,20
339,316,184
431,316,2256
461,316,2239
481,316,7
482,316,32
483,316,9
484,316,636
485,316,31
486,316,0
487,316,0
488,316,6
491,316,0
492,316,4
493,316,67
511,316,5
512,316,0
515,316,0
517,316,59
518,316,0
519,316,1
521,316,0
522,316,201
523,316,0
524,316,14
531,316,547
532,316,7
533,316,5
541,316,173
551,316,0
561,316,1716
562,316,0
611,316,1
621,316,0
622,316,0
623,316,0
624,316,0
711,316,0
712,316,0
713,316,0
721,316,8
722,316,11
811,316,29
812,316,5
813,316,11
814,316,0
931,316,0
111,321,422
112,321,0
113,321,15476
114,321,0
115,321,0
211,321,1
212,321,3
213,321,0
221,321,1296
236,321,7
237,321,6
238,321,5
311,321,21
312,321,22
313,321,25
314,321,6
315,321,5
316,321,4
321,321,9193
322,321,133
323,321,21
324,321,1212
325,321,1735
326,321,146
327,321,170
331,321,28
332,321,420
333,321,61
334,321,55
335,321,24
336,321,255
337,321,70
339,321,84
431,321,2758
461,321,2727
481,321,7
482,321,43
483,321,12
484,321,857
485,321,15
486,321,0
487,321,0
488,321,15
491,321,0
492,321,0
493,321,86
511,321,13
512,321,0
515,321,0
517,321,114
518,321,1
519,321,0
521,321,0
522,321,143
523,321,0
524,321,14
531,321,573
532,321,14
533,321,0
541,321,217
551,321,0
561,321,839
562,321,26
611,321,1
621,321,0
622,321,0
623,321,0
624,321,0
711,321,0
712,321,0
713,321,0
721,321,0
722,321,31
811,321,47
812,321,4
813,321,37
814,321,0
931,321,0
111,322,5
112,322,0
113,322,1172
114,322,8
115,322,0
211,322,5
212,322,176
213,322,0
221,322,5629
236,322,34
237,322,32
238,322,22
311,322,1438
312,322,110
313,322,2214
314,322,664
315,322,72
316,322,31
321,322,106
322,322,40114
323,322,785
324,322,4181
325,322,7007
326,322,2618
327,322,206
331,322,190
332,322,335
333,322,159
334,322,846
335,322,161
336,322,1209
337,322,23
339,322,603
431,322,13077
461,322,13021
481,322,36
482,322,143
483,322,39
484,322,2883
485,322,134
486,322,1
487,322,0
488,322,131
491,322,0
492,322,0
493,322,459
511,322,121
512,322,0
515,322,4
517,322,388
518,322,4
519,322,1
521,322,0
522,322,827
523,322,51
524,322,92
531,322,2182
532,322,89
533,322,168
541,322,1497
551,322,0
561,322,7996
562,322,240
611,322,17
621,322,0
622,322,0
623,322,0
624,322,0
711,322,0
712,322,0
713,322,0
721,322,0
722,322,313
811,322,217
812,322,36
813,322,345
814,322,0
931,322,0
111,323,0
112,323,0
113,323,0
114,323,0
115,323,0
211,323,1
212,323,6
213,323,0
221,323,1231
236,323,26
237,323,25
238,323,24
311,323,94
312,323,28
313,323,3037
314,323,14
315,323,53
316,323,36
321,323,55
322,323,9334
323,323,878
324,323,753
325,323,4224
326,323,2821
327,323,116
331,323,272
332,323,132
333,323,136
334,323,222
335,323,58
336,323,633
337,323,23
339,323,254
431,323,3529
461,323,3515
481,323,10
482,323,41
483,323,11
484,323,965
485,323,35
486,323,0
487,323,0
488,323,34
491,323,1
492,323,0
493,323,86
511,323,38
512,323,0
515,323,0
517,323,266
518,323,8
519,323,0
521,323,0
522,323,246
523,323,22
524,323,30
531,323,1275
532,323,55
533,323,5
541,323,1079
551,323,0
561,323,2991
562,323,73
611,323,6
621,323,0
622,323,0
623,323,0
624,323,0
711,323,0
712,323,0
713,323,0
721,323,1
722,323,84
811,323,291
812,323,13
813,323,105
814,323,0
931,323,0
111,324,0
112,324,0
113,324,0
114,324,0
115,324,0
211,324,280842
212,324,788
213,324,0
221,324,10713
236,324,13
237,324,9
238,324,137
311,324,142
312,324,569
313,324,10
314,324,4
315,324,292
316,324,109
321,324,126
322,324,101
323,324,97
324,324,6925
325,324,18160
326,324,195
327,324,512
331,324,258
332,324,334
333,324,125
334,324,191
335,324,57
336,324,178
337,324,16
339,324,232
431,324,16494
461,324,16487
481,324,260
482,324,317
483,324,86
484,324,6386
485,324,35
486,324,1
487,324,0
488,324,23
491,324,0
492,324,13
493,324,45
511,324,53
512,324,1
515,324,0
517,324,117
518,324,1
519,324,2
521,324,0
522,324,57
523,324,0
524,324,1705
531,324,148
532,324,10
533,324,10
541,324,714
551,324,40471
561,324,4485
562,324,86
611,324,0
621,324,0
622,324,0
623,324,0
624,324,0
711,324,0
712,324,0
713,324,0
721,324,582
722,324,49
811,324,595
812,324,43
813,324,134
814,324,0
931,324,0
111,325,1329
112,325,288
113,325,3382
114,325,0
115,325,0
211,325,111323
212,325,4713
213,325,0
221,325,13106
236,325,430
237,325,403
238,325,51
311,325,6093
312,325,2857
313,325,165
314,325,310
315,325,343
316,325,575
321,325,394
322,325,2972
323,325,230
324,325,21447
325,325,100261
326,325,4677
327,325,2036
331,325,2669
332,325,762
333,325,481
334,325,2518
335,325,303
336,325,1156
337,325,56
339,325,1725
431,325,43053
461,325,43028
481,325,308
482,325,776
483,325,211
484,325,15633
485,325,400
486,325,4
487,325,0
488,325,92
491,325,0
492,325,130
493,325,946
511,325,272
512,325,1
515,325,4
517,325,1087
518,325,7
519,325,29
521,325,0
522,325,1707
523,325,127
524,325,329
531,325,4888
532,325,267
533,325,164
541,325,5806
551,325,10487
561,325,17121
562,325,446
611,325,45
621,325,0
622,325,65
623,325,0
624,325,0
711,325,0
712,325,0
713,325,1
721,325,416
722,325,516
811,325,2401
812,325,243
813,325,693
814,325,0
931,325,0
111,326,341
112,326,0
113,326,667
114,326,0
115,326,0
211,326,8
212,326,118
213,326,0
221,326,12342
236,326,57
237,326,50
238,326,23
311,326,281
312,326,1237
313,326,525
314,326,112
315,326,78
316,326,237
321,326,361
322,326,3190
323,326,125
324,326,4322
325,326,51473
326,326,24390
327,326,905
331,326,1911
332,326,1697
333,326,338
334,326,1468
335,326,356
336,326,2391
337,326,59
339,326,1253
431,326,21717
461,326,21630
481,326,109
482,326,284
483,326,77
484,326,5748
485,326,258
486,326,2
487,326,0
488,326,65
491,326,0
492,326,67
493,326,442
511,326,117
512,326,1
515,326,5
517,326,557
518,326,4
519,326,3
521,326,0
522,326,1134
523,326,37
524,326,151
531,326,4048
532,326,741
533,326,212
541,326,2187
551,326,2
561,326,23256
562,326,191
611,326,0
621,326,0
622,326,0
623,326,0
624,326,0
711,326,0
712,326,0
713,326,0
721,326,202
722,326,253
811,326,336
812,326,95
813,326,297
814,326,0
931,326,0
111,327,2
112,327,0
113,327,66
114,327,0
115,327,0
211,327,5
212,327,58284
213,327,0
221,327,8180
236,327,34
237,327,31
238,327,23
311,327,649
312,327,1000
313,327,45
314,327,13
315,327,47
316,327,191
321,327,182
322,327,1606
323,327,52
324,327,9571
325,327,9706
326,327,1467
327,327,36635
331,327,2257
332,327,487
333,327,180
334,327,1636
335,327,255
336,327,894
337,327,100
339,327,595
431,327,13742
461,327,13645
481,327,59
482,327,257
483,327,70
484,327,5177
485,327,105
486,327,1
487,327,0
488,327,32
491,327,0
492,327,63
493,327,373
511,327,95
512,327,0
515,327,1
517,327,576
518,327,3
519,327,5
521,327,0
522,327,1088
523,327,100
524,327,243
531,327,1863
532,327,266
533,327,27
541,327,1190
551,327,0
561,327,10772
562,327,0
611,327,2
621,327,0
622,327,0
623,327,0
624,327,0
711,327,0
712,327,0
713,327,0
721,327,76
722,327,128
811,327,407
812,327,77
813,327,243
814,327,0
931,327,0
111,331,0
112,331,0
113,331,0
114,331,0
115,331,0
211,331,12
212,331,190921
213,331,0
221,331,27534
236,331,74
237,331,67
238,331,33
311,331,343
312,331,271
313,331,17
314,331,29
315,331,96
316,331,88
321,331,150
322,331,1061
323,331,211
324,331,9077
325,331,4642
326,331,861
327,331,1397
331,331,53244
332,331,6718
333,331,965
334,331,2638
335,331,2166
336,331,4662
337,331,113
339,331,698
431,331,31750
461,331,31570
481,331,98
482,331,668
483,331,182
484,331,13469
485,331,292
486,331,3
487,331,0
488,331,137
491,331,0
492,331,0
493,331,146
511,331,414
512,331,1
515,331,1
517,331,813
518,331,9
519,331,1
521,331,0
522,331,2243
523,331,133
524,331,156
531,331,2156
532,331,116
533,331,18
541,331,2427
551,331,915
561,331,20825
562,331,866
611,331,40
621,331,0
622,331,0
623,331,0
624,331,0
711,331,0
712,331,0
713,331,3
721,331,1
722,331,541
811,331,542
812,331,128
813,331,1203
814,331,0
931,331,0
111,332,0
112,332,0
113,332,0
114,332,0
115,332,0
211,332,8
212,332,654
213,332,0
221,332,6583
236,332,67
237,332,61
238,332,25
311,332,149
312,332,115
313,332,40
314,332,30
315,332,44
316,332,46
321,332,2053
322,332,3932
323,332,114
324,332,3519
325,332,7092
326,332,2774
327,332,2868
331,332,60870
332,332,8221
333,332,1296
334,332,961
335,332,750
336,332,2388
337,332,136
339,332,822
431,332,19936
461,332,19840
481,332,48
482,332,264
483,332,72
484,332,5307
485,332,151
486,332,2
487,332,0
488,332,125
491,332,0
492,332,0
493,332,273
511,332,161
512,332,1
515,332,4
517,332,537
518,332,5
519,332,1
521,332,0
522,332,1136
523,332,49
524,332,131
531,332,3422
532,332,107
533,332,148
541,332,2171
551,332,0
561,332,10879
562,332,339
611,332,21
621,332,0
622,332,0
623,332,0
624,332,0
711,332,0
712,332,0
713,332,0
721,332,0
722,332,309
811,332,239
812,332,52
813,332,456
814,332,0
931,332,0
111,333,0
112,333,0
113,333,0
114,333,0
115,333,0
211,333,9
212,333,19
213,333,0
221,333,8374
236,333,45
237,333,43
238,333,30
311,333,169
312,333,122
313,333,15
314,333,14
315,333,52
316,333,38
321,333,517
322,333,4760
323,333,639
324,333,1389
325,333,2930
326,333,3811
327,333,951
331,333,30019
332,333,3913
333,333,6230
334,333,5750
335,333,2692
336,333,2433
337,333,66
339,333,639
431,333,22390
461,333,22310
481,333,74
482,333,252
483,333,69
484,333,5065
485,333,272
486,333,2
487,333,0
488,333,251
491,333,0
492,333,0
493,333,120
511,333,164
512,333,1
515,333,11
517,333,646
518,333,7
519,333,1
521,333,0
522,333,475
523,333,21
524,333,139
531,333,2547
532,333,158
533,333,430
541,333,2955
551,333,0
561,333,11839
562,333,306
611,333,31
621,333,0
622,333,0
623,333,0
624,333,0
711,333,0
712,333,0
713,333,0
721,333,0
722,333,663
811,333,265
812,333,50
813,333,441
814,333,0
931,333,0
111,334,0
112,334,0
113,334,0
114,334,1
115,334,0
211,334,12
212,334,42
213,334,1
221,334,15245
236,334,76
237,334,99
238,334,37
311,334,255
312,334,220
313,334,37
314,334,23
315,334,114
316,334,53
321,334,1969
322,334,20027
323,334,161
324,334,1655
325,334,4250
326,334,12314
327,334,2757
331,334,18878
332,334,3325
333,334,1709
334,334,90323
335,334,9870
336,334,6133
337,334,176
339,334,1575
431,334,31423
461,334,31277
481,334,75
482,334,293
483,334,79
484,334,5877
485,334,204
486,334,3
487,334,0
488,334,162
491,334,0
492,334,1
493,334,157
511,334,198
512,334,1
515,334,0
517,334,752
518,334,9
519,334,3
521,334,0
522,334,117
523,334,19
524,334,561
531,334,2234
532,334,666
533,334,3
541,334,2480
551,334,0
561,334,12647
562,334,255
611,334,330
621,334,0
622,334,0
623,334,0
624,334,0
711,334,0
712,334,0
713,334,0
721,334,0
722,334,520
811,334,246
812,334,81
813,334,383
814,334,0
931,334,0
111,335,0
112,335,0
113,335,0
114,335,0
115,335,0
211,335,6
212,335,74
213,335,0
221,335,3825
236,335,27
237,335,25
238,335,14
311,335,100
312,335,115
313,335,34
314,335,19
315,335,65
316,335,25
321,335,794
322,335,7652
323,335,66
324,335,855
325,335,4773
326,335,14152
327,335,2722
331,335,49032
332,335,3200
333,335,602
334,335,6223
335,335,4081
336,335,2774
337,335,91
339,335,949
431,335,16724
461,335,16634
481,335,37
482,335,211
483,335,57
484,335,4250
485,335,103
486,335,1
487,335,0
488,335,69
491,335,0
492,335,0
493,335,125
511,335,103
512,335,1
515,335,4
517,335,208
518,335,3
519,335,1
521,335,0
522,335,245
523,335,51
524,335,130
531,335,1304
532,335,88
533,335,164
541,335,782
551,335,0
561,335,12436
562,335,109
611,335,91
621,335,0
622,335,0
623,335,0
624,335,0
711,335,0
712,335,0
713,335,0
721,335,0
722,335,227
811,335,89
812,335,39
813,335,167
814,335,0
931,335,0
111,336,0
112,336,0
113,336,0
114,336,4
115,336,0
211,336,68
212,336,400
213,336,4
221,336,41047
236,336,958
237,336,1075
238,336,233
311,336,1020
312,336,1019
313,336,6865
314,336,458
315,336,652
316,336,845
321,336,3253
322,336,29978
323,336,529
324,336,11511
325,336,40540
326,336,86427
327,336,14849
331,336,119367
332,336,19268
333,336,5451
334,336,29922
335,336,7543
336,336,276430
337,336,449
339,336,5363
431,336,177081
461,336,176409
481,336,558
482,336,2495
483,336,677
484,336,50055
485,336,1772
486,336,15
487,336,0
488,336,1050
491,336,1
492,336,3
493,336,705
511,336,2066
512,336,8
515,336,106
517,336,2442
518,336,36
519,336,7
521,336,0
522,336,1825
523,336,132
524,336,1238
531,336,21192
532,336,4122
533,336,4199
541,336,13252
551,336,1
561,336,59353
562,336,3722
611,336,4142
621,336,1
622,336,0
623,336,0
624,336,0
711,336,0
712,336,0
713,336,1
721,336,0
722,336,3634
811,336,1119
812,336,1002
813,336,5381
814,336,0
931,336,0
111,337,0
112,337,0
113,337,623
114,337,0
115,337,0
211,337,2
212,337,2
213,337,0
221,337,990
236,337,16
237,337,13
238,337,10
311,337,32
312,337,20
313,337,2097
314,337,166
315,337,33
316,337,328
321,337,7562
322,337,1935
323,337,37
324,337,864
325,337,1454
326,337,6586
327,337,1127
331,337,4560
332,337,1057
333,337,87
334,337,213
335,337,272
336,337,1002
337,337,964
339,337,370
431,337,5354
461,337,5195
481,337,10
482,337,45
483,337,12
484,337,896
485,337,26
486,337,0
487,337,0
488,337,33
491,337,0
492,337,0
493,337,238
511,337,16
512,337,0
515,337,0
517,337,190
518,337,1
519,337,1
521,337,0
522,337,137
523,337,14
524,337,20
531,337,1770
532,337,20
533,337,5
541,337,602
551,337,0
561,337,1591
562,337,27
611,337,3
621,337,0
622,337,0
623,337,0
624,337,0
711,337,0
712,337,0
713,337,0
721,337,0
722,337,62
811,337,53
812,337,8
813,337,39
814,337,0
931,337,0
111,339,166
112,339,175
113,339,708
114,339,0
115,339,1
211,339,3
212,339,572
213,339,0
221,339,2204
236,339,13
237,339,10
238,339,15
311,339,75
312,339,111
313,339,640
314,339,337
315,339,38
316,339,29
321,339,1503
322,339,8850
323,339,71
324,339,583
325,339,6965
326,339,7030
327,339,2003
331,339,5055
332,339,633
333,339,353
334,339,474
335,339,263
336,339,978
337,339,88
339,339,3386
431,339,7916
461,339,7878
481,339,15
482,339,83
483,339,23
484,339,1673
485,339,34
486,339,1
487,339,0
488,339,31
491,339,0
492,339,0
493,339,141
511,339,24
512,339,0
515,339,0
517,339,241
518,339,1
519,339,2
521,339,0
522,339,158
523,339,4
524,339,44
531,339,1541
532,339,38
533,339,1
541,339,413
551,339,7
561,339,3173
562,339,34
611,339,13
621,339,0
622,339,0
623,339,0
624,339,0
711,339,0
712,339,0
713,339,0
721,339,0
722,339,75
811,339,40
812,339,8
813,339,55
814,339,0
931,339,0
111,431,0
112,431,0
113,431,0
114,431,4
115,431,0
211,431,4
212,431,180
213,431,1
221,431,15647
236,431,169
237,431,176
238,431,996
311,431,224
312,431,51
313,431,18
314,431,1667
315,431,1230
316,431,36
321,431,972
322,431,4326
323,431,10766
324,431,4350
325,431,1947
326,431,4869
327,431,2055
331,431,465
332,431,479
333,431,332
334,431,721
335,431,1097
336,431,20700
337,431,83
339,431,1747
431,431,11153
461,431,11238
481,431,3378
482,431,192
483,431,52
484,431,3582
485,431,49
486,431,1
487,431,0
488,431,6404
491,431,149
492,431,153
493,431,23283
511,431,970
512,431,2
515,431,101
517,431,10809
518,431,133
519,431,20
521,431,0
522,431,40432
523,431,0
524,431,5792
531,431,57113
532,431,1464
533,431,4009
541,431,35400
551,431,54662
561,431,133371
562,431,15
611,431,9
621,431,0
622,431,0
623,431,0
624,431,0
711,431,0
712,431,0
713,431,0
721,431,1075
722,431,10
811,431,1442
812,431,237
813,431,0
814,431,0
931,431,0
111,461,0
112,461,0
113,461,0
114,461,6
115,461,0
211,461,2
212,461,183
213,461,1
221,461,66086
236,461,228
237,461,187
238,461,1029
311,461,675
312,461,101
313,461,34
314,461,1742
315,461,418
316,461,54
321,461,1058
322,461,7154
323,461,1358
324,461,1945
325,461,4946
326,461,9924
327,461,211
331,461,799
332,461,1703
333,461,643
334,461,1504
335,461,1544
336,461,22832
337,461,105
339,461,2777
431,461,5765
461,461,5967
481,461,1825
482,461,202
483,461,58
484,461,3766
485,461,78
486,461,0
487,461,1
488,461,5974
491,461,201
492,461,171
493,461,21822
511,461,959
512,461,7
515,461,358
517,461,6534
518,461,137
519,461,28
521,461,0
522,461,24514
523,461,179
524,461,2367
531,461,100648
532,461,1447
533,461,14200
541,461,36021
551,461,32825
561,461,66057
562,461,0
611,461,6
621,461,5
622,461,0
623,461,0
624,461,0
711,461,0
712,461,0
713,461,2
721,461,550
722,461,8
811,461,1735
812,461,600
813,461,1
814,461,0
931,461,0
111,481,0
112,481,0
113,481,0
114,481,0
115,481,0
211,481,2
212,481,11
213,481,0
221,481,110
236,481,6
237,481,4
238,481,82
311,481,2709
312,481,73
313,481,4
314,481,1
315,481,45
316,481,1
321,481,20
322,481,4
323,481,19
324,481,14368
325,481,329
326,481,200
327,481,213
331,481,183
332,481,143
333,481,49
334,481,66
335,481,11
336,481,178
337,481,5
339,481,79
431,481,5061
461,481,5056
481,481,536
482,481,41
483,481,11
484,481,824
485,481,407
486,481,0
487,481,0
488,481,41885
491,481,0
492,481,705
493,481,0
511,481,0
512,481,0
515,481,971
517,481,3742
518,481,34
519,481,27
521,481,0
522,481,673
523,481,1409
524,481,145
531,481,1423
532,481,48
533,481,153
541,481,1193
551,481,9
561,481,7652
562,481,723
611,481,196
621,481,0
622,481,0
623,481,0
624,481,0
711,481,0
712,481,0
713,481,0
721,481,1301
722,481,946
811,481,4711
812,481,107
813,481,0
814,481,0
931,481,0
111,482,0
112,482,0
113,482,0
114,482,0
115,482,0
211,482,0
212,482,30
213,482,0
221,482,90
236,482,3
237,482,4
238,482,5
311,482,209
312,482,4
313,482,0
314,482,0
315,482,13
316,482,0
321,482,52
322,482,1
323,482,3
324,482,8685
325,482,234
326,482,13
327,482,591
331,482,41
332,482,192
333,482,9
334,482,11
335,482,4
336,482,231
337,482,6
339,482,8
431,482,629
461,482,630
481,482,11
482,482,1378
483,482,5
484,482,335
485,482,10
486,482,0
487,482,0
488,482,5446
491,482,0
492,482,40
493,482,0
511,482,0
512,482,0
515,482,28
517,482,326
518,482,2
519,482,1
521,482,0
522,482,225
523,482,10
524,482,67
531,482,197
532,482,41
533,482,45
541,482,351
551,482,40
561,482,1586
562,482,214
611,482,1
621,482,0
622,482,0
623,482,0
624,482,0
711,482,0
712,482,0
713,482,0
721,482,29
722,482,21
811,482,244
812,482,32
813,482,0
814,482,0
931,482,0
111,483,0
112,483,0
113,483,0
114,483,0
115,483,0
211,483,0
212,483,1
213,483,0
221,483,158
236,483,1
237,483,1
238,483,15
311,483,184
312,483,2
313,483,0
314,483,0
315,483,3
316,483,0
321,483,4
322,483,1
323,483,20
324,483,1614
325,483,607
326,483,10
327,483,16
331,483,116
332,483,30
333,483,368
334,483,63
335,483,26
336,483,326
337,483,1
339,483,30
431,483,401
461,483,401
481,483,11
482,483,6
483,483,543
484,483,131
485,483,11
486,483,0
487,483,0
488,483,2641
491,483,0
492,483,5
493,483,0
511,483,0
512,483,0
515,483,9
517,483,74
518,483,1
519,483,2
521,483,0
522,483,14
523,483,0
524,483,40
531,483,170
532,483,152
533,483,23
541,483,179
551,483,25
561,483,364
562,483,24
611,483,1
621,483,0
622,483,0
623,483,0
624,483,0
711,483,0
712,483,0
713,483,0
721,483,25
722,483,8
811,483,774
812,483,4
813,483,0
814,483,0
931,483,0
111,484,0
112,484,0
113,484,0
114,484,0
115,484,0
211,484,4
212,484,191
213,484,0
221,484,642
236,484,7
237,484,4
238,484,37
311,484,634
312,484,36
313,484,1170
314,484,73
315,484,36
316,484,46
321,484,377
322,484,12
323,484,79
324,484,67883
325,484,2329
326,484,419
327,484,4164
331,484,1216
332,484,1430
333,484,374
334,484,397
335,484,213
336,484,38430
337,484,48
339,484,191
431,484,11329
461,484,11322
481,484,267
482,484,502
483,484,90
484,484,7119
485,484,194
486,484,1
487,484,0
488,484,67400
491,484,0
492,484,131
493,484,17
511,484,1
512,484,0
515,484,124
517,484,784
518,484,5
519,484,6
521,484,0
522,484,313
523,484,0
524,484,2404
531,484,936
532,484,443
533,484,8
541,484,2382
551,484,49
561,484,3256
562,484,256
611,484,86
621,484,1188
622,484,0
623,484,0
624,484,0
711,484,0
712,484,0
713,484,0
721,484,496
722,484,352
811,484,2706
812,484,39
813,484,0
814,484,0
931,484,0
111,485,0
112,485,0
113,485,0
114,485,1
115,485,0
211,485,3
212,485,360
213,485,0
221,485,1719
236,485,21
237,485,6
238,485,125
311,485,1668
312,485,34
313,485,6
314,485,19
315,485,155
316,485,9
321,485,764
322,485,24
323,485,82
324,485,94597
325,485,6989
326,485,67
327,485,7834
331,485,2688
332,485,3237
333,485,253
334,485,155
335,485,85
336,485,6305
337,485,78
339,485,322
431,485,8406
461,485,8423
481,485,122
482,485,254
483,485,61
484,485,4571
485,485,221
486,485,1
487,485,0
488,485,14086
491,485,0
492,485,47
493,485,1
511,485,1
512,485,0
515,485,303
517,485,859
518,485,2
519,485,9
521,485,0
522,485,557
523,485,39
524,485,696
531,485,9091
532,485,324
533,485,21
541,485,3228
551,485,1131
561,485,4425
562,485,851
611,485,105
621,485,0
622,485,0
623,485,0
624,485,0
711,485,0
712,485,0
713,485,0
721,485,281
722,485,204
811,485,13156
812,485,216
813,485,1
814,485,0
931,485,0
111,486,0
112,486,0
113,486,0
114,486,0
115,486,0
211,486,0
212,486,22
213,486,0
221,486,351
236,486,122
237,486,116
238,486,16
311,486,6
312,486,3
313,486,1
314,486,0
315,486,18
316,486,0
321,486,42
322,486,1
323,486,6
324,486,1816
325,486,105
326,486,2
327,486,473
331,486,127
332,486,188
333,486,6
334,486,6
335,486,4
336,486,79
337,486,5
339,486,5
431,486,334
461,486,333
481,486,58
482,486,10
483,486,3
484,486,189
485,486,29
486,486,0
487,486,0
488,486,49
491,486,0
492,486,111
493,486,0
511,486,0
512,486,0
515,486,3
517,486,904
518,486,26
519,486,0
521,486,0
522,486,110
523,486,0
524,486,128
531,486,126
532,486,2
533,486,0
541,486,1836
551,486,0
561,486,1198
562,486,294
611,486,15
621,486,0
622,486,0
623,486,0
624,486,0
711,486,0
712,486,0
713,486,0
721,486,206
722,486,149
811,486,841
812,486,43
813,486,0
814,486,0
931,486,0
111,487,0
112,487,0
113,487,0
114,487,0
115,487,0
211,487,0
212,487,2
213,487,0
221,487,18
236,487,0
237,487,0
238,487,2
311,487,20
312,487,0
313,487,0
314,487,0
315,487,0
316,487,0
321,487,4
322,487,3
323,487,1
324,487,635
325,487,31
326,487,1
327,487,42
331,487,17
332,487,18
333,487,2
334,487,1
335,487,1
336,487,54
337,487,0
339,487,2
431,487,51
461,487,51
481,487,1
482,487,2
483,487,0
484,487,30
485,487,2
486,487,0
487,487,0
488,487,353
491,487,0
492,487,1
493,487,0
511,487,0
512,487,0
515,487,8
517,487,13
518,487,0
519,487,0
521,487,0
522,487,10
523,487,1
524,487,7
531,487,38
532,487,21
533,487,0
541,487,55
551,487,2
561,487,109
562,487,1
611,487,1
621,487,0
622,487,0
623,487,0
624,487,0
711,487,0
712,487,0
713,487,0
721,487,4
722,487,3
811,487,154
812,487,1
813,487,0
814,487,0
931,487,0
111,488,0
112,488,0
113,488,0
114,488,0
115,488,0
211,488,2
212,488,35
213,488,0
221,488,1029
236,488,10
237,488,8
238,488,24
311,488,374
312,488,606
313,488,4
314,488,4
315,488,41
316,488,1
321,488,98
322,488,46
323,488,300
324,488,824
325,488,936
326,488,128
327,488,776
331,488,4711
332,488,2291
333,488,173
334,488,4597
335,488,316
336,488,357
337,488,17
339,488,670
431,488,4001
461,488,3988
481,488,90
482,488,56
483,488,15
484,488,1102
485,488,97
486,488,0
487,488,0
488,488,471
491,488,0
492,488,61
493,488,552
511,488,1
512,488,0
515,488,142
517,488,518
518,488,6
519,488,4
521,488,0
522,488,314
523,488,103
524,488,228
531,488,2742
532,488,45
533,488,103
541,488,5584
551,488,121
561,488,8669
562,488,618
611,488,164
621,488,0
622,488,0
623,488,0
624,488,0
711,488,0
712,488,0
713,488,0
721,488,299
722,488,218
811,488,1510
812,488,99
813,488,0
814,488,0
931,488,0
111,491,0
112,491,0
113,491,0
114,491,0
115,491,0
211,491,0
212,491,0
213,491,0
221,491,16
236,491,0
237,491,0
238,491,0
311,491,1
312,491,1
313,491,0
314,491,0
315,491,1
316,491,0
321,491,0
322,491,0
323,491,1
324,491,19
325,491,3
326,491,0
327,491,0
331,491,11
332,491,2
333,491,1
334,491,0
335,491,0
336,491,0
337,491,0
339,491,1
431,491,11
461,491,12
481,491,0
482,491,1
483,491,0
484,491,27
485,491,0
486,491,0
487,491,0
488,491,26
491,491,96
492,491,2
493,491,0
511,491,0
512,491,0
515,491,4
517,491,14
518,491,0
519,491,0
521,491,0
522,491,5
523,491,2
524,491,3
531,491,56
532,491,0
533,491,0
541,491,380
551,491,6
561,491,48
562,491,12
611,491,2
621,491,0
622,491,0
623,491,0
624,491,0
711,491,0
712,491,0
713,491,0
721,491,1
722,491,1
811,491,28
812,491,2
813,491,0
814,491,0
931,491,0
111,492,0
112,492,0
113,492,0
114,492,0
115,492,0
211,492,0
212,492,35
213,492,0
221,492,115
236,492,1
237,492,1
238,492,6
311,492,78
312,492,10
313,492,1
314,492,0
315,492,5
316,492,0
321,492,67
322,492,3
323,492,19
324,492,4576
325,492,182
326,492,16
327,492,756
331,492,235
332,492,314
333,492,11
334,492,38
335,492,5
336,492,15
337,492,7
339,492,16
431,492,769
461,492,768
481,492,26
482,492,16
483,492,3
484,492,258
485,492,28
486,492,0
487,492,0
488,492,1884
491,492,0
492,492,5368
493,492,1
511,492,0
512,492,0
515,492,170
517,492,131
518,492,4
519,492,5
521,492,0
522,492,40
523,492,7
524,492,78
531,492,324
532,492,62
533,492,18
541,492,575
551,492,154
561,492,1188
562,492,66
611,492,24
621,492,0
622,492,0
623,492,0
624,492,0
711,492,0
712,492,0
713,492,0
721,492,80
722,492,58
811,492,382
812,492,14
813,492,0
814,492,0
931,492,0
111,493,0
112,493,0
113,493,0
114,493,0
115,493,0
211,493,0
212,493,5
213,493,0
221,493,1854
236,493,18
237,493,18
238,493,33
311,493,165
312,493,256
313,493,2
314,493,1
315,493,16
316,493,1
321,493,2
322,493,7
323,493,267
324,493,1037
325,493,340
326,493,59
327,493,20
331,493,1668
332,493,715
333,493,42
334,493,144
335,493,11
336,493,18
337,493,5
339,493,279
431,493,495
461,493,497
481,493,61
482,493,25
483,493,7
484,493,497
485,493,66
486,493,0
487,493,0
488,493,272
491,493,0
492,493,73
493,493,414
511,493,0
512,493,0
515,493,299
517,493,601
518,493,14
519,493,9
521,493,0
522,493,255
523,493,15
524,493,188
531,493,3109
532,493,82
533,493,7
541,493,3950
551,493,33
561,493,3189
562,493,238
611,493,89
621,493,0
622,493,0
623,493,0
624,493,0
711,493,0
712,493,0
713,493,0
721,493,204
722,493,148
811,493,2253
812,493,35
813,493,0
814,493,0
931,493,0
111,511,0
112,511,0
113,511,0
114,511,0
115,511,0
211,511,0
212,511,1
213,511,0
221,511,150
236,511,2
237,511,1
238,511,2
311,511,64
312,511,108
313,511,0
314,511,0
315,511,5
316,511,0
321,511,4
322,511,2
323,511,30
324,511,166
325,511,61
326,511,29
327,511,29
331,511,30
332,511,19
333,511,52
334,511,2932
335,511,151
336,511,65
337,511,1
339,511,86
431,511,175
461,511,176
481,511,23
482,511,6
483,511,2
484,511,129
485,511,27
486,511,0
487,511,0
488,511,80
491,511,0
492,511,33
493,511,58
511,511,1381
512,511,0
515,511,283
517,511,272
518,511,2
519,511,6
521,511,0
522,511,46
523,511,0
524,511,13
531,511,434
532,511,37
533,511,56
541,511,905
551,511,55
561,511,2153
562,511,67
611,511,23
621,511,0
622,511,0
623,511,0
624,511,0
711,511,1
712,511,0
713,511,0
721,511,79
722,511,57
811,511,160
812,511,10
813,511,0
814,511,0
931,511,0
111,512,0
112,512,0
113,512,0
114,512,0
115,512,0
211,512,0
212,512,14
213,512,0
221,512,617
236,512,18
237,512,11
238,512,8
311,512,221
312,512,365
313,512,1
314,512,1
315,512,9
316,512,0
321,512,26
322,512,4
323,512,27
324,512,182
325,512,109
326,512,64
327,512,257
331,512,136
332,512,134
333,512,135
334,512,7044
335,512,328
336,512,154
337,512,4
339,512,32
431,512,451
461,512,470
481,512,64
482,512,9
483,512,3
484,512,169
485,512,72
486,512,0
487,512,0
488,512,220
491,512,0
492,512,42
493,512,22
511,512,26
512,512,5721
515,512,1192
517,512,359
518,512,13
519,512,12
521,512,0
522,512,54
523,512,14
524,512,21
531,512,6763
532,512,51
533,512,105
541,512,1933
551,512,52
561,512,1825
562,512,172
611,512,54
621,512,0
622,512,0
623,512,0
624,512,0
711,512,0
712,512,0
713,512,0
721,512,222
722,512,162
811,512,233
812,512,20
813,512,0
814,512,0
931,512,0
111,515,0
112,515,0
113,515,0
114,515,0
115,515,0
211,515,0
212,515,20
213,515,0
221,515,993
236,515,12
237,515,10
238,515,6
311,515,1111
312,515,1933
313,515,2
314,515,0
315,515,24
316,515,1
321,515,36
322,515,3
323,515,54
324,515,564
325,515,348
326,515,15
327,515,491
331,515,170
332,515,169
333,515,171
334,515,613
335,515,45
336,515,41
337,515,5
339,515,17
431,515,547
461,515,549
481,515,38
482,515,20
483,515,5
484,515,369
485,515,40
486,515,0
487,515,0
488,515,1037
491,515,0
492,515,251
493,515,2
511,515,1
512,515,5556
515,515,2774
517,515,2133
518,515,23
519,515,104
521,515,0
522,515,552
523,515,27
524,515,241
531,515,1781
532,515,31
533,515,247
541,515,4545
551,515,1057
561,515,6741
562,515,660
611,515,35
621,515,0
622,515,0
623,515,0
624,515,0
711,515,0
712,515,0
713,515,0
721,515,120
722,515,87
811,515,202
812,515,54
813,515,1
814,515,0
931,515,0
111,517,0
112,517,0
113,517,0
114,517,2
115,517,0
211,517,2
212,517,161
213,517,0
221,517,4974
236,517,58
237,517,19
238,517,44
311,517,1415
312,517,2230
313,517,19
314,517,3
315,517,227
316,517,4
321,517,320
322,517,21
323,517,73
324,517,3904
325,517,953
326,517,87
327,517,3658
331,517,1643
332,517,1483
333,517,444
334,517,3083
335,517,3104
336,517,929
337,517,54
339,517,159
431,517,6627
461,517,6676
481,517,122
482,517,73
483,517,22
484,517,1422
485,517,137
486,517,1
487,517,0
488,517,1202
491,517,0
492,517,675
493,517,12
511,517,1
512,517,3969
515,517,3831
517,517,3820
518,517,156
519,517,25
521,517,0
522,517,1025
523,517,525
524,517,1236
531,517,30602
532,517,40
533,517,758
541,517,8037
551,517,871
561,517,30263
562,517,3603
611,517,778
621,517,0
622,517,0
623,517,0
624,517,0
711,517,0
712,517,0
713,517,0
721,517,395
722,517,288
811,517,2754
812,517,534
813,517,0
814,517,0
931,517,0
111,518,0
112,518,0
113,518,0
114,518,0
115,518,0
211,518,0
212,518,1
213,518,0
221,518,267
236,518,1
237,518,0
238,518,0
311,518,11
312,518,15
313,518,0
314,518,0
315,518,2
316,518,0
321,518,3
322,518,1
323,518,8
324,518,99
325,518,11
326,518,11
327,518,94
331,518,12
332,518,16
333,518,18
334,518,1588
335,518,55
336,518,26
337,518,1
339,518,6
431,518,93
461,518,93
481,518,5
482,518,2
483,518,0
484,518,34
485,518,6
486,518,0
487,518,0
488,518,19
491,518,0
492,518,10
493,518,1
511,518,0
512,518,0
515,518,7
517,518,85
518,518,1
519,518,0
521,518,0
522,518,18
523,518,6
524,518,2
531,518,163
532,518,3
533,518,3
541,518,419
551,518,20
561,518,1507
562,518,20
611,518,6
621,518,0
622,518,0
623,518,0
624,518,0
711,518,0
712,518,0
713,518,0
721,518,18
722,518,8
811,518,11
812,518,5
813,518,0
814,518,0
931,518,0
111,519,0
112,519,0
113,519,0
114,519,0
115,519,0
211,519,0
212,519,1
213,519,0
221,519,26
236,519,1
237,519,1
238,519,3
311,519,15
312,519,25
313,519,0
314,519,0
315,519,1
316,519,0
321,519,0
322,519,1
323,519,2
324,519,5
325,519,8
326,519,1
327,519,5
331,519,10
332,519,2
333,519,4
334,519,8
335,519,1
336,519,1
337,519,0
339,519,0
431,519,9
461,519,9
481,519,7
482,519,0
483,519,0
484,519,6
485,519,8
486,519,0
487,519,0
488,519,19
491,519,0
492,519,9
493,519,0
511,519,0
512,519,0
515,519,48
517,519,100
518,519,1
519,519,1
521,519,0
522,519,1
523,519,0
524,519,1
531,519,131
532,519,6
533,519,1
541,519,296
551,519,3
561,519,228
562,519,110
611,519,3
621,519,0
622,519,0
623,519,0
624,519,0
711,519,0
712,519,0
713,519,0
721,519,23
722,519,18
811,519,7
812,519,3
813,519,0
814,519,0
931,519,0
111,521,0
112,521,0
113,521,0
114,521,0
115,521,0
211,521,0
212,521,0
213,521,0
221,521,34
236,521,0
237,521,0
238,521,0
311,521,20
312,521,16
313,521,2
314,521,0
315,521,5
316,521,0
321,521,1
322,521,6
323,521,11
324,521,8
325,521,8
326,521,83
327,521,2
331,521,27
332,521,102
333,521,55
334,521,269
335,521,18
336,521,31
337,521,6
339,521,1990
431,521,365
461,521,366
481,521,14
482,521,4
483,521,1
484,521,140
485,521,6
486,521,0
487,521,0
488,521,1
491,521,95
492,521,13
493,521,0
511,521,1
512,521,0
515,521,0
517,521,288
518,521,9
519,521,18
521,521,0
522,521,109
523,521,0
524,521,3
531,521,26
532,521,0
533,521,0
541,521,135
551,521,0
561,521,603
562,521,0
611,521,0
621,521,0
622,521,0
623,521,0
624,521,0
711,521,0
712,521,0
713,521,0
721,521,23
722,521,28
811,521,4
812,521,18
813,521,0
814,521,0
931,521,0
111,522,0
112,522,0
113,522,0
114,522,2
115,522,0
211,522,1
212,522,34
213,522,1
221,522,3781
236,522,64
237,522,58
238,522,1115
311,522,202
312,522,374
313,522,26
314,522,4
315,522,95
316,522,40
321,522,47
322,522,211
323,522,10975
324,522,870
325,522,341
326,522,718
327,522,141
331,522,1299
332,522,181
333,522,283
334,522,2482
335,522,197
336,522,227
337,522,1277
339,522,374
431,522,3386
461,522,3454
481,522,846
482,522,33
483,522,11
484,522,934
485,522,361
486,522,0
487,522,0
488,522,35
491,522,1194
492,522,4328
493,522,2241
511,522,310
512,522,1
515,522,93
517,522,3040
518,522,1846
519,522,54
521,522,35970
522,522,10735
523,522,1204
524,522,2757
531,522,22687
532,522,406
533,522,2037
541,522,17969
551,522,4731
561,522,92044
562,522,0
611,522,47
621,522,2
622,522,1
623,522,0
624,522,0
711,522,0
712,522,0
713,522,0
721,522,1068
722,522,1005
811,522,1403
812,522,455
813,522,1057
814,522,0
931,522,41
111,523,0
112,523,0
113,523,0
114,523,0
115,523,0
211,523,0
212,523,3
213,523,0
221,523,158
236,523,9
237,523,10
238,523,1
311,523,11
312,523,11
313,523,1
314,523,0
315,523,2
316,523,2
321,523,2
322,523,18
323,523,108
324,523,251
325,523,43
326,523,6
327,523,6
331,523,74
332,523,11
333,523,9
334,523,35
335,523,4
336,523,6
337,523,218
339,523,27
431,523,116
461,523,118
481,523,78
482,523,1
483,523,0
484,523,30
485,523,32
486,523,0
487,523,0
488,523,1
491,523,24
492,523,110
493,523,0
511,523,6
512,523,0
515,523,16
517,523,1157
518,523,22
519,523,0
521,523,0
522,523,761
523,523,1974
524,523,9
531,523,774
532,523,37
533,523,11
541,523,909
551,523,1311
561,523,4571
562,523,0
611,523,0
621,523,0
622,523,0
623,523,0
624,523,0
711,523,0
712,523,0
713,523,0
721,523,136
722,523,116
811,523,59
812,523,14
813,523,480
814,523,0
931,523,21
111,524,0
112,524,0
113,524,0
114,524,0
115,524,0
211,524,0
212,524,5
213,524,0
221,524,1413
236,524,130
237,524,125
238,524,17
311,524,48
312,524,44
313,524,7
314,524,1
315,524,14
316,524,1
321,524,9
322,524,20
323,524,630
324,524,231
325,524,82
326,524,47
327,524,34
331,524,355
332,524,37
333,524,39
334,524,383
335,524,26
336,524,20
337,524,74
339,524,33
431,524,235
461,524,241
481,524,114
482,524,2
483,524,1
484,524,57
485,524,44
486,524,0
487,524,0
488,524,1373
491,524,867
492,524,731
493,524,0
511,524,11
512,524,0
515,524,0
517,524,1449
518,524,497
519,524,20
521,524,0
522,524,4962
523,524,1220
524,524,51142
531,524,2817
532,524,412
533,524,7
541,524,8179
551,524,17815
561,524,42985
562,524,1000
611,524,1
621,524,4969
622,524,20713
623,524,0
624,524,0
711,524,0
712,524,0
713,524,0
721,524,197
722,524,167
811,524,1284
812,524,83
813,524,0
814,524,0
931,524,437
111,531,0
112,531,0
113,531,0
114,531,1
115,531,0
211,531,2
212,531,191
213,531,0
221,531,18416
236,531,100
237,531,91
238,531,89
311,531,3013
312,531,5309
313,531,18
314,531,21
315,531,51
316,531,7
321,531,397
322,531,82
323,531,959
324,531,4416
325,531,3003
326,531,191
327,531,5383
331,531,1743
332,531,1626
333,531,654
334,531,476
335,531,116
336,531,201
337,531,53
339,531,127
431,531,6151
461,531,6146
481,531,209
482,531,85
483,531,22
484,531,1747
485,531,378
486,531,1
487,531,2
488,531,3693
491,531,3
492,531,972
493,531,338
511,531,18
512,531,0
515,531,3566
517,531,6683
518,531,81
519,531,649
521,531,0
522,531,957
523,531,95
524,531,595
531,531,8302
532,531,3830
533,531,156
541,531,37785
551,531,339
561,531,8772
562,531,1495
611,531,757
621,531,0
622,531,0
623,531,0
624,531,0
711,531,0
712,531,0
713,531,0
721,531,674
722,531,495
811,531,2121
812,531,75
813,531,0
814,531,0
931,531,0
111,532,0
112,532,0
113,532,0
114,532,0
115,532,0
211,532,1
212,532,15
213,532,0
221,532,589
236,532,7
237,532,6
238,532,5
311,532,245
312,532,443
313,532,1
314,532,28
315,532,4
316,532,3
321,532,29
322,532,28
323,532,128
324,532,1332
325,532,961
326,532,44
327,532,352
331,532,119
332,532,154
333,532,372
334,532,198
335,532,33
336,532,2591
337,532,4
339,532,63
431,532,2244
461,532,2240
481,532,33
482,532,29
483,532,8
484,532,587
485,532,53
486,532,0
487,532,0
488,532,226
491,532,0
492,532,51
493,532,113
511,532,0
512,532,0
515,532,164
517,532,459
518,532,3
519,532,5
521,532,0
522,532,152
523,532,16
524,532,62
531,532,1234
532,532,400
533,532,73
541,532,1553
551,532,0
561,532,1683
562,532,31
611,532,61
621,532,0
622,532,0
623,532,0
624,532,0
711,532,0
712,532,0
713,532,0
721,532,105
722,532,76
811,532,238
812,532,6
813,532,0
814,532,0
931,532,0
111,533,0
112,533,0
113,533,0
114,533,0
115,533,0
211,533,0
212,533,0
213,533,0
221,533,9
236,533,0
237,533,0
238,533,0
311,533,9
312,533,16
313,533,0
314,533,0
315,533,0
316,533,0
321,533,0
322,533,0
323,533,0
324,533,9
325,533,13
326,533,0
327,533,4
331,533,2
332,533,1
333,533,2
334,533,0
335,533,0
336,533,0
337,533,0
339,533,0
431,533,14
461,533,14
481,533,1
482,533,0
483,533,0
484,533,3
485,533,1
486,533,0
487,533,0
488,533,9
491,533,0
492,533,1
493,533,0
511,533,0
512,533,0
515,533,24
517,533,10
518,533,0
519,533,1
521,533,0
522,533,1
523,533,0
524,533,1
531,533,33
532,533,0
533,533,11
541,533,48
551,533,0
561,533,46
562,533,2
611,533,1
621,533,0
622,533,0
623,533,0
624,533,0
711,533,0
712,533,0
713,533,0
721,533,3
722,533,3
811,533,1
812,533,0
813,533,0
814,533,0
931,533,0
111,541,1
112,541,0
113,541,0
114,541,1
115,541,0
211,541,2
212,541,65
213,541,0
221,541,4006
236,541,109
237,541,102
238,541,424
311,541,672
312,541,642
313,541,13
314,541,11
315,541,73
316,541,10
321,541,214
322,541,292
323,541,6407
324,541,4477
325,541,1643
326,541,348
327,541,1249
331,541,707
332,541,1119
333,541,334
334,541,12148
335,541,1964
336,541,619
337,541,58
339,541,2002
431,541,5313
461,541,5316
481,541,364
482,541,72
483,541,20
484,541,1503
485,541,437
486,541,0
487,541,1
488,541,782
491,541,27
492,541,455
493,541,1276
511,541,181
512,541,0
515,541,1339
517,541,4542
518,541,63
519,541,144
521,541,0
522,541,2345
523,541,90
524,541,349
531,541,9449
532,541,1299
533,541,125
541,541,15662
551,541,369
561,541,13233
562,541,292
611,541,728
621,541,3
622,541,0
623,541,0
624,541,0
711,541,0
712,541,0
713,541,0
721,541,849
722,541,727
811,541,1111
812,541,141
813,541,0
814,541,0
931,541,0
111,551,0
112,551,0
113,551,0
114,551,0
115,551,0
211,551,0
212,551,4
213,551,0
221,551,492
236,551,7
237,551,2
238,551,3
311,551,521
312,551,1001
313,551,15
314,551,8
315,551,39
316,551,43
321,551,27
322,551,436
323,551,159
324,551,1452
325,551,654
326,551,44
327,551,126
331,551,774
332,551,105
333,551,92
334,551,150
335,551,70
336,551,92
337,551,87
339,551,131
431,551,761
461,551,767
481,551,67
482,551,13
483,551,4
484,551,254
485,551,364
486,551,0
487,551,0
488,551,475
491,551,2
492,551,65
493,551,137
511,551,218
512,551,35
515,551,0
517,551,8787
518,551,11
519,551,12
521,551,0
522,551,1768
523,551,19115
524,551,106
531,551,3903
532,551,273
533,551,0
541,551,12328
551,551,18644
561,551,2917
562,551,0
611,551,0
621,551,2
622,551,0
623,551,0
624,551,0
711,551,2
712,551,7
713,551,71
721,551,19
722,551,227
811,551,20
812,551,10
813,551,0
814,551,0
931,551,0
111,561,2
112,561,53
113,561,0
114,561,1
115,561,0
211,561,4
212,561,58
213,561,0
221,561,5860
236,561,730
237,561,124
238,561,55
311,561,9729
312,561,1872
313,561,659
314,561,1794
315,561,584
316,561,80
321,561,260
322,561,2930
323,561,3643
324,561,7176
325,561,15812
326,561,11884
327,561,1566
331,561,2478
332,561,3883
333,561,320
334,561,9146
335,561,784
336,561,1772
337,561,503
339,561,1199
431,561,9760
461,561,9764
481,561,336
482,561,139
483,561,38
484,561,2837
485,561,1040
486,561,1
487,561,1
488,561,932
491,561,31
492,561,722
493,561,3169
511,561,1010
512,561,0
515,561,26
517,561,10090
518,561,53
519,561,49
521,561,0
522,561,1244
523,561,315
524,561,313
531,561,9571
532,561,1838
533,561,62
541,561,14014
551,561,5064
561,561,20729
562,561,0
611,561,728
621,561,1
622,561,0
623,561,0
624,561,0
711,561,2
712,561,8
713,561,232
721,561,10
722,561,705
811,561,740
812,561,94
813,561,42
814,561,0
931,561,0
111,562,0
112,562,0
113,562,0
114,562,0
115,562,0
211,562,0
212,562,1
213,562,0
221,562,116
236,562,3
237,562,3
238,562,1
311,562,79
312,562,28
313,562,238
314,562,3
315,562,17
316,562,1
321,562,5
322,562,79
323,562,10
324,562,588
325,562,2991
326,562,344
327,562,46
331,562,158
332,562,532
333,562,89
334,562,45
335,562,30
336,562,137
337,562,9
339,562,185
431,562,514
461,562,509
481,562,3
482,562,10
483,562,3
484,562,209
485,562,6
486,562,0
487,562,0
488,562,3
491,562,0
492,562,4
493,562,9
511,562,2
512,562,0
515,562,0
517,562,76
518,562,0
519,562,29
521,562,0
522,562,51
523,562,0
524,562,5
531,562,165
532,562,7
533,562,0
541,562,60
551,562,45
561,562,639
562,562,1
611,562,0
621,562,0
622,562,0
623,562,0
624,562,0
711,562,0
712,562,0
713,562,1
721,562,0
722,562,5
811,562,36
812,562,0
813,562,0
814,562,0
931,562,0
111,611,3
112,611,0
113,611,0
114,611,2
115,611,0
211,611,2
212,611,122
213,611,2
221,611,12115
236,611,180
237,611,252
238,611,4401
311,611,1806
312,611,846
313,611,66
314,611,165
315,611,886
316,611,133
321,611,102
322,611,3824
323,611,2679
324,611,1493
325,611,3781
326,611,939
327,611,512
331,611,1390
332,611,2220
333,611,227
334,611,952
335,611,185
336,611,510
337,611,887
339,611,1780
431,611,4214
461,611,4227
481,611,1756
482,611,58
483,611,15
484,611,1217
485,611,1022
486,611,0
487,611,0
488,611,289
491,611,201
492,611,150
493,611,383
511,611,1737
512,611,36
515,611,4
517,611,3449
518,611,1101
519,611,93
521,611,0
522,611,529
523,611,37
524,611,979
531,611,8684
532,611,2347
533,611,106
541,611,9478
551,611,7
561,611,14082
562,611,30
611,611,942
621,611,20
622,611,1
623,611,0
624,611,1
711,611,1
712,611,4
713,611,93
721,611,1143
722,611,1981
811,611,2378
812,611,515
813,611,6
814,611,0
931,611,0
111,621,0
112,621,3
113,621,0
114,621,2
115,621,0
211,621,2
212,621,130
213,621,2
221,621,3922
236,621,188
237,621,227
238,621,1792
311,621,469
312,621,665
313,621,795
314,621,69
315,621,683
316,621,28
321,621,1930
322,621,796
323,621,1070
324,621,1034
325,621,16975
326,621,691
327,621,250
331,621,610
332,621,582
333,621,147
334,621,677
335,621,96
336,621,343
337,621,256
339,621,7519
431,621,6265
461,621,6242
481,621,819
482,621,64
483,621,17
484,621,1294
485,621,243
486,621,1
487,621,0
488,621,21
491,621,32
492,621,23
493,621,36
511,621,77
512,621,10
515,621,2
517,621,1180
518,621,32
519,621,20
521,621,0
522,621,173
523,621,12
524,621,1284
531,621,6569
532,621,2015
533,621,11
541,621,4674
551,621,0
561,621,7946
562,621,540
611,621,142
621,621,1253
622,621,6
623,621,0
624,621,0
711,621,0
712,621,0
713,621,11
721,621,116
722,621,1012
811,621,1884
812,621,856
813,621,3
814,621,0
931,621,0
111,622,566
112,622,284
113,622,0
114,622,1
115,622,0
211,622,4
212,622,44
213,622,1
221,622,4302
236,622,52
237,622,80
238,622,1207
311,622,7978
312,622,661
313,622,865
314,622,154
315,622,579
316,622,44
321,622,76
322,622,1395
323,622,262
324,622,538
325,622,36085
326,622,1561
327,622,332
331,622,817
332,622,1369
333,622,153
334,622,479
335,622,127
336,622,525
337,622,203
339,622,7656
431,622,11695
461,622,11608
481,622,104
482,622,103
483,622,28
484,622,2458
485,622,154
486,622,1
487,622,0
488,622,73
491,622,38
492,622,31
493,622,830
511,622,76
512,622,89
515,622,5
517,622,1032
518,622,133
519,622,11
521,622,0
522,622,361
523,622,17
524,622,1201
531,622,2993
532,622,797
533,622,30
541,622,5221
551,622,0
561,622,14410
562,622,287
611,622,77
621,622,5664
622,622,7894
623,622,0
624,622,0
711,622,0
712,622,0
713,622,63
721,622,121
722,622,385
811,622,2463
812,622,545
813,622,7
814,622,0
931,622,0
111,623,49
112,623,21
113,623,0
114,623,0
115,623,0
211,623,0
212,623,3
213,623,0
221,623,147
236,623,3
237,623,4
238,623,2
311,623,367
312,623,6
313,623,14
314,623,1
315,623,10
316,623,1
321,623,3
322,623,51
323,623,4
324,623,48
325,623,54
326,623,5
327,623,13
331,623,17
332,623,7
333,623,3
334,623,11
335,623,1
336,623,3
337,623,1
339,623,17
431,623,106
461,623,105
481,623,2
482,623,1
483,623,0
484,623,20
485,623,3
486,623,0
487,623,0
488,623,3
491,623,0
492,623,0
493,623,1
511,623,1
512,623,0
515,623,0
517,623,29
518,623,0
519,623,0
521,623,0
522,623,0
523,623,0
524,623,7
531,623,69
532,623,35
533,623,0
541,623,28
551,623,0
561,623,67
562,623,0
611,623,7
621,623,168
622,623,23
623,623,44
624,623,0
711,623,0
712,623,0
713,623,0
721,623,1
722,623,5
811,623,31
812,623,6
813,623,0
814,623,0
931,623,0
111,624,261
112,624,29
113,624,0
114,624,0
115,624,0
211,624,0
212,624,13
213,624,0
221,624,488
236,624,24
237,624,24
238,624,70
311,624,1385
312,624,95
313,624,114
314,624,15
315,624,8
316,624,1
321,624,7
322,624,424
323,624,32
324,624,136
325,624,2294
326,624,26
327,624,27
331,624,151
332,624,114
333,624,15
334,624,39
335,624,8
336,624,28
337,624,38
339,624,119
431,624,783
461,624,777
481,624,11
482,624,8
483,624,2
484,624,154
485,624,7
486,624,0
487,624,0
488,624,7
491,624,2
492,624,3
493,624,6
511,624,3
512,624,0
515,624,0
517,624,61
518,624,1
519,624,2
521,624,0
522,624,5
523,624,1
524,624,420
531,624,485
532,624,205
533,624,1
541,624,420
551,624,0
561,624,2070
562,624,7
611,624,14
621,624,27
622,624,0
623,624,0
624,624,3522
711,624,0
712,624,0
713,624,0
721,624,4
722,624,274
811,624,93
812,624,9
813,624,0
814,624,0
931,624,0
111,711,0
112,711,0
113,711,0
114,711,0
115,711,0
211,711,0
212,711,2
213,711,0
221,711,341
236,711,7
237,711,6
238,711,28
311,711,356
312,711,807
313,711,101
314,711,92
315,711,96
316,711,3
321,711,24
322,711,479
323,711,11
324,711,60
325,711,165
326,711,112
327,711,39
331,711,66
332,711,105
333,711,18
334,711,501
335,711,38
336,711,117
337,711,40
339,711,425
431,711,567
461,711,568
481,711,27
482,711,9
483,711,3
484,711,186
485,711,46
486,711,0
487,711,0
488,711,35
491,711,2
492,711,6
493,711,39
511,711,53
512,711,85
515,711,18
517,711,145
518,711,1
519,711,3
521,711,0
522,711,14
523,711,2
524,711,25
531,711,1025
532,711,193
533,711,18
541,711,266
551,711,53
561,711,2846
562,711,48
611,711,21
621,711,0
622,711,0
623,711,0
624,711,0
711,711,2
712,711,1
713,711,23
721,711,17
722,711,40
811,711,35
812,711,2
813,711,576
814,711,0
931,711,0
111,712,0
112,712,0
113,712,0
114,712,0
115,712,0
211,712,0
212,712,2
213,712,0
221,712,199
236,712,3
237,712,3
238,712,346
311,712,73
312,712,36
313,712,6
314,712,15
315,712,90
316,712,0
321,712,12
322,712,85
323,712,34
324,712,38
325,712,64
326,712,98
327,712,26
331,712,108
332,712,17
333,712,4
334,712,9
335,712,4
336,712,23
337,712,7
339,712,42
431,712,173
461,712,173
481,712,21
482,712,2
483,712,1
484,712,85
485,712,23
486,712,0
487,712,0
488,712,47
491,712,7
492,712,3
493,712,3
511,712,38
512,712,50
515,712,10
517,712,88
518,712,10
519,712,2
521,712,0
522,712,13
523,712,0
524,712,15
531,712,381
532,712,20
533,712,1
541,712,167
551,712,0
561,712,1283
562,712,1
611,712,21
621,712,0
622,712,0
623,712,0
624,712,0
711,712,0
712,712,0
713,712,0
721,712,10
722,712,25
811,712,175
812,712,7
813,712,0
814,712,0
931,712,0
111,713,0
112,713,2
113,713,0
114,713,0
115,713,0
211,713,1
212,713,22
213,713,0
221,713,2154
236,713,50
237,713,22
238,713,132
311,713,1409
312,713,823
313,713,278
314,713,103
315,713,789
316,713,38
321,713,80
322,713,460
323,713,86
324,713,340
325,713,2323
326,713,948
327,713,367
331,713,508
332,713,611
333,713,108
334,713,151
335,713,93
336,713,377
337,713,178
339,713,726
431,713,1932
461,713,1924
481,713,22
482,713,29
483,713,8
484,713,586
485,713,47
486,713,0
487,713,0
488,713,27
491,713,3
492,713,47
493,713,12
511,713,70
512,713,289
515,713,57
517,713,753
518,713,30
519,713,7
521,713,0
522,713,37
523,713,12
524,713,40
531,713,4158
532,713,511
533,713,68
541,713,1022
551,713,130
561,713,5675
562,713,5
611,713,94
621,713,0
622,713,0
623,713,0
624,713,0
711,713,1
712,713,0
713,713,64
721,713,10
722,713,26
811,713,310
812,713,32
813,713,0
814,713,0
931,713,0
111,721,10288
112,721,0
113,721,0
114,721,657
115,721,0
211,721,2
212,721,48
213,721,0
221,721,5096
236,721,35
237,721,31
238,721,33
311,721,10105
312,721,12098
313,721,1100
314,721,570
315,721,338
316,721,72
321,721,190
322,721,783
323,721,167
324,721,835
325,721,7042
326,721,1411
327,721,1345
331,721,465
332,721,722
333,721,339
334,721,573
335,721,4141
336,721,1472
337,721,612
339,721,2223
431,721,6179
461,721,6103
481,721,42
482,721,104
483,721,28
484,721,2089
485,721,84
486,721,1
487,721,0
488,721,53
491,721,8
492,721,200
493,721,35
511,721,252
512,721,633
515,721,1619
517,721,2626
518,721,15
519,721,12
521,721,0
522,721,1201
523,721,88
524,721,244
531,721,3756
532,721,104
533,721,225
541,721,1736
551,721,1641
561,721,29724
562,721,22
611,721,4
621,721,49
622,721,0
623,721,0
624,721,0
711,721,2
712,721,0
713,721,40
721,721,37
722,721,130
811,721,491
812,721,287
813,721,237
814,721,0
931,721,0
111,722,21880
112,722,1275
113,722,0
114,722,567
115,722,0
211,722,4
212,722,78
213,722,0
221,722,4840
236,722,92
237,722,73
238,722,166
311,722,38035
312,722,12810
313,722,43
314,722,450
315,722,48
316,722,10
321,722,1985
322,722,1547
323,722,86
324,722,1592
325,722,1161
326,722,4527
327,722,1059
331,722,308
332,722,491
333,722,165
334,722,166
335,722,247
336,722,702
337,722,305
339,722,844
431,722,10841
461,722,10833
481,722,26
482,722,135
483,722,38
484,722,2694
485,722,29
486,722,1
487,722,0
488,722,214
491,722,0
492,722,7
493,722,352
511,722,5
512,722,438
515,722,80
517,722,722
518,722,1
519,722,8
521,722,0
522,722,374
523,722,107
524,722,19
531,722,16731
532,722,250
533,722,377
541,722,1715
551,722,6
561,722,16024
562,722,0
611,722,8
621,722,0
622,722,0
623,722,0
624,722,0
711,722,0
712,722,0
713,722,9
721,722,0
722,722,570
811,722,174
812,722,31
813,722,0
814,722,0
931,722,0
111,811,0
112,811,0
113,811,0
114,811,0
115,811,0
211,811,2
212,811,3
213,811,0
221,811,1991
236,811,27
237,811,17
238,811,115
311,811,110
312,811,25
313,811,765
314,811,40
315,811,32
316,811,205
321,811,85
322,811,141
323,811,121
324,811,2066
325,811,4775
326,811,2303
327,811,261
331,811,7235
332,811,3898
333,811,2646
334,811,1941
335,811,866
336,811,13601
337,811,30
339,811,1058
431,811,5205
461,811,5193
481,811,13
482,811,87
483,811,24
484,811,1754
485,811,26
486,811,0
487,811,0
488,811,5
491,811,1
492,811,16
493,811,222
511,811,6
512,811,14
515,811,2
517,811,761
518,811,1
519,811,0
521,811,0
522,811,42
523,811,14
524,811,10
531,811,6855
532,811,129
533,811,2
541,811,639
551,811,0
561,811,1511
562,811,0
611,811,2
621,811,0
622,811,0
623,811,0
624,811,0
711,811,0
712,811,0
713,811,3
721,811,0
722,811,8
811,811,552
812,811,7
813,811,0
814,811,0
931,811,0
111,812,13
112,812,3
113,812,0
114,812,1
115,812,0
211,812,1
212,812,21
213,812,0
221,812,2879
236,812,94
237,812,79
238,812,24
311,812,829
312,812,179
313,812,1159
314,812,260
315,812,105
316,812,7
321,812,31
322,812,289
323,812,182
324,812,528
325,812,5635
326,812,1707
327,812,313
331,812,203
332,812,1925
333,812,209
334,812,380
335,812,260
336,812,700
337,812,149
339,812,1314
431,812,1870
461,812,1861
481,812,28
482,812,33
483,812,9
484,812,651
485,812,60
486,812,0
487,812,0
488,812,11
491,812,3
492,812,70
493,812,92
511,812,58
512,812,148
515,812,26
517,812,1188
518,812,11
519,812,3
521,812,0
522,812,30
523,812,15
524,812,51
531,812,6301
532,812,264
533,812,50
541,812,843
551,812,0
561,812,1269
562,812,6
611,812,1
621,812,0
622,812,0
623,812,0
624,812,0
711,812,0
712,812,0
713,812,17
721,812,0
722,812,69
811,812,284
812,812,40
813,812,2
814,812,0
931,812,0
111,813,203
112,813,0
113,813,0
114,813,0
115,813,0
211,813,1
212,813,20
213,813,0
221,813,1180
236,813,42
237,813,55
238,813,9
311,813,2798
312,813,301
313,813,213
314,813,194
315,813,61
316,813,8
321,813,14
322,813,256
323,813,168
324,813,487
325,813,1514
326,813,691
327,813,69
331,813,109
332,813,118
333,813,43
334,813,1107
335,813,100
336,813,125
337,813,70
339,813,397
431,813,1293
461,813,1287
481,813,20
482,813,14
483,813,4
484,813,272
485,813,102
486,813,0
487,813,0
488,813,7
491,813,4
492,813,87
493,813,69
511,813,169
512,813,5
515,813,20
517,813,290
518,813,341
519,813,4
521,813,0
522,813,28
523,813,2
524,813,32
531,813,455
532,813,344
533,813,9
541,813,4605
551,813,7
561,813,2455
562,813,0
611,813,90
621,813,6
622,813,0
623,813,0
624,813,0
711,813,0
712,813,0
713,813,10
721,813,153
722,813,153
811,813,82
812,813,76
813,813,4
814,813,0
931,813,0
111,814,0
112,814,0
113,814,0
114,814,0
115,814,0
211,814,0
212,814,0
213,814,0
221,814,0
236,814,0
237,814,0
238,814,0
311,814,0
312,814,0
313,814,0
314,814,0
315,814,0
316,814,0
321,814,0
322,814,0
323,814,0
324,814,0
325,814,0
326,814,0
327,814,0
331,814,0
332,814,0
333,814,0
334,814,0
335,814,0
336,814,0
337,814,0
339,814,0
431,814,0
461,814,0
481,814,0
482,814,0
483,814,0
484,814,0
485,814,0
486,814,0
487,814,0
488,814,0
491,814,0
492,814,0
493,814,0
511,814,0
512,814,0
515,814,0
517,814,0
518,814,0
519,814,0
521,814,0
522,814,0
523,814,0
524,814,0
531,814,0
532,814,0
533,814,0
541,814,0
551,814,0
561,814,0
562,814,0
611,814,0
621,814,0
622,814,0
623,814,0
624,814,0
711,814,0
712,814,0
713,814,0
721,814,0
722,814,0
811,814,0
812,814,0
813,814,0
814,814,0
931,814,0
111,931,41
112,931,3
113,931,0
114,931,6
115,931,1
211,931,3
212,931,442
213,931,8
221,931,15683
236,931,598
237,931,918
238,931,10693
311,931,9432
312,931,4286
313,931,369
314,931,225
315,931,3377
316,931,777
321,931,149
322,931,3875
323,931,13621
324,931,11925
325,931,5141
326,931,1051
327,931,1076
331,931,5454
332,931,811
333,931,584
334,931,789
335,931,314
336,931,595
337,931,548
339,931,4163
431,931,7512
461,931,7632
481,931,3225
482,931,100
483,931,24
484,931,2887
485,931,7032
486,931,1
487,931,3
488,931,1844
491,931,1524
492,931,420
493,931,44
511,931,2711
512,931,470
515,931,840
517,931,15977
518,931,4008
519,931,428
521,931,0
522,931,14887
523,931,0
524,931,7317
531,931,14408
532,931,12011
533,931,451
541,931,62722
551,931,8
561,931,61394
562,931,253
611,931,2600
621,931,11
622,931,217
623,931,0
624,931,1
711,931,148
712,931,0
713,931,0
721,931,4769
722,931,11508
811,931,15249
812,931,1950
813,931,0
814,931,0
931,931,0
